primer,sequence
vac1,CGGCTAAGAGTTGCACATCCA
vac2,CTCTGCTCCATTTAGTACCGATTCT
vac3,AGGACGTAGAATGATCTTGTA
mhv1,CGATGATTAAAGGCCCACAAC
mhv2,CGTCTTTACGCACAGCAAAC
mhv3,TGGCGTAGTTGTGGAGAAAGTTGGAG
t4p1,GCTGAAGTAACAGCAGGAGATT
t4p2,GGCACAAGAACCTGCAATAAAC
t4p3,TGGGACTTCTTTGCTGACCGTGAA
lam1,GTCAGACCAGATTGAAACGATAA
lam2,TCGCACTTGATCGAATATTTCT
lam3,CGCCCTCGTATCACATGGAAGGTT
phi1,CGATCAACACTGTCGTCATCAA
phi2,GCAGAACCGAAGGACGAATATC
phi3,CGTACATCGCTGCTGTTATGGAGCT
ms21,GCTGAATGGATCAGCTCTAACT
ms22,CAGTCTGGGTTGCCACTTTA
ms23,TGATGGTGTATTTGCGATTCTGCGC
m131,CTTTAACTCCCTGCAAGCCT
m132,TCTTAAACAGCTTGATACCGATAGT
m133,CAACAACCATCGCCCACGCATAAC
mat1,ATTTACGGC
mat2,GCCGTAAAAT
